[
  {
    "Id": "0",
    "Name": "Source Code",
    "DevelopmentStatus": "Stable",
    "Description": "Source Code for Wii Game Maker.",
    "ReleasedDatge": "0001-01-01T00:00:00",
    "ModifiedDate": "2012-06-07T14:39:38.48-07:00",
    "Files": [
      {
        "Id": "69872a6e-2e86-459d-8ecf-107f032ae19f",
        "FileName": "Source Code.txt",
        "Url": "./0/69872a6e-2e86-459d-8ecf-107f032ae19f",
        "Type": "Source Code",
        "UploadDate": "2012-06-07T14:34:18.113-07:00"
      },
      {
        "Id": "7163f9a0-1e1c-4b9a-9cb3-4698123f4249",
        "FileName": "Source Code.txt",
        "Url": "./0/7163f9a0-1e1c-4b9a-9cb3-4698123f4249",
        "Type": "Source Code",
        "UploadDate": "2012-06-07T14:39:38.463-07:00"
      }
    ]
  }
]